{
  "vertices": [
    [
      5.75,
      0.06749999999999999,
      0.0
    ],
    [
      5.75,
      0,
      0.0
    ],
    [
      3.25,
      0.15309782608695646,
      2.0
    ],
    [
      3.25,
      0,
      2.0
    ],
    [
      3.25,
      0.15309782608695646,
      -2.0
    ],
    [
      3.25,
      0,
      -2.0
    ],
    [
      -0.25,
      1.1357621127718205,
      4.0
    ],
    [
      -0.25,
      0,
      4.0
    ],
    [
      -0.25,
      1.1357621127718205,
      1.5
    ],
    [
      -0.25,
      0,
      1.5
    ],
    [
      -0.25,
      1.1357621127718205,
      -1.5
    ],
    [
      -0.25,
      0,
      -1.5
    ],
    [
      -0.25,
      1.1357621127718205,
      -4.0
    ],
    [
      -0.25,
      0,
      -4.0
    ],
    [
      -1.75,
      1.0071423723975972,
      2.0
    ],
    [
      -1.75,
      0,
      2.0
    ],
    [
      -1.75,
      1.0071423723975972,
      -2.0
    ],
    [
      -1.75,
      0,
      -2.0
    ],
    [
      -5.75,
      0.6749999999999999,
      0.0
    ],
    [
      -5.75,
      0,
      0.0
    ]
  ],
  "faces": [
    [
      0,
      10,
      8,
      1
    ],
    [
      11,
      1,
      9,
      1
    ],
    [
      0,
      1,
      10,
      1
    ],
    [
      1,
      11,
      10,
      1
    ],
    [
      10,
      11,
      8,
      1
    ],
    [
      11,
      9,
      8,
      1
    ],
    [
      8,
      9,
      0,
      1
    ],
    [
      9,
      1,
      0,
      1
    ],
    [
      2,
      6,
      8,
      3
    ],
    [
      7,
      3,
      9,
      3
    ],
    [
      2,
      3,
      6,
      3
    ],
    [
      3,
      7,
      6,
      3
    ],
    [
      6,
      7,
      8,
      3
    ],
    [
      7,
      9,
      8,
      3
    ],
    [
      8,
      9,
      2,
      3
    ],
    [
      9,
      3,
      2,
      3
    ],
    [
      4,
      10,
      12,
      3
    ],
    [
      11,
      5,
      13,
      3
    ],
    [
      4,
      5,
      10,
      3
    ],
    [
      5,
      11,
      10,
      3
    ],
    [
      10,
      11,
      12,
      3
    ],
    [
      11,
      13,
      12,
      3
    ],
    [
      12,
      13,
      4,
      3
    ],
    [
      13,
      5,
      4,
      3
    ],
    [
      6,
      8,
      14,
      3
    ],
    [
      9,
      7,
      15,
      3
    ],
    [
      6,
      7,
      8,
      3
    ],
    [
      7,
      9,
      8,
      3
    ],
    [
      8,
      9,
      14,
      3
    ],
    [
      9,
      15,
      14,
      3
    ],
    [
      14,
      15,
      6,
      3
    ],
    [
      15,
      7,
      6,
      3
    ],
    [
      10,
      16,
      12,
      3
    ],
    [
      17,
      11,
      13,
      3
    ],
    [
      10,
      11,
      16,
      3
    ],
    [
      11,
      17,
      16,
      3
    ],
    [
      16,
      17,
      12,
      3
    ],
    [
      17,
      13,
      12,
      3
    ],
    [
      12,
      13,
      10,
      3
    ],
    [
      13,
      11,
      10,
      3
    ],
    [
      8,
      18,
      14,
      4
    ],
    [
      19,
      9,
      15,
      4
    ],
    [
      8,
      9,
      18,
      4
    ],
    [
      9,
      19,
      18,
      4
    ],
    [
      18,
      19,
      14,
      4
    ],
    [
      19,
      15,
      14,
      4
    ],
    [
      14,
      15,
      8,
      4
    ],
    [
      15,
      9,
      8,
      4
    ],
    [
      8,
      10,
      18,
      1
    ],
    [
      11,
      9,
      19,
      1
    ],
    [
      8,
      9,
      10,
      1
    ],
    [
      9,
      11,
      10,
      1
    ],
    [
      10,
      11,
      18,
      1
    ],
    [
      11,
      19,
      18,
      1
    ],
    [
      18,
      19,
      8,
      1
    ],
    [
      19,
      9,
      8,
      1
    ],
    [
      10,
      16,
      18,
      4
    ],
    [
      17,
      11,
      19,
      4
    ],
    [
      10,
      11,
      16,
      4
    ],
    [
      11,
      17,
      16,
      4
    ],
    [
      16,
      17,
      18,
      4
    ],
    [
      17,
      19,
      18,
      4
    ],
    [
      18,
      19,
      10,
      4
    ],
    [
      19,
      11,
      10,
      4
    ]
  ],
  "colors": [
    "#0000AA",
    "#00AAAA",
    "#AA0000"
  ],
  "meta": {
    "id": "10",
    "name": "Transporter",
    "typeName": "Transporter (Typ 10)"
  }
}