{
  "vertices": [
    [
      4.0,
      0.06749999999999999,
      2.5
    ],
    [
      4.0,
      0,
      2.5
    ],
    [
      4.0,
      0.06749999999999999,
      -2.5
    ],
    [
      4.0,
      0,
      -2.5
    ],
    [
      0.0,
      1.1113268590217984,
      4.0
    ],
    [
      0.0,
      0,
      4.0
    ],
    [
      0.0,
      1.1113268590217984,
      1.0
    ],
    [
      0.0,
      0,
      1.0
    ],
    [
      0.0,
      1.1113268590217984,
      -1.0
    ],
    [
      0.0,
      0,
      -1.0
    ],
    [
      0.0,
      1.1113268590217984,
      -4.0
    ],
    [
      0.0,
      0,
      -4.0
    ],
    [
      -4.0,
      0.6749999999999999,
      2.5
    ],
    [
      -4.0,
      0,
      2.5
    ],
    [
      -4.0,
      0.6749999999999999,
      -2.5
    ],
    [
      -4.0,
      0,
      -2.5
    ],
    [
      0.0,
      1.1113268590217984,
      0.0
    ],
    [
      0.0,
      0,
      0.0
    ],
    [
      -4.0,
      0.6749999999999999,
      1.0
    ],
    [
      -4.0,
      0,
      1.0
    ],
    [
      -4.0,
      0.6749999999999999,
      -1.0
    ],
    [
      -4.0,
      0,
      -1.0
    ]
  ],
  "faces": [
    [
      0,
      4,
      6,
      2
    ],
    [
      5,
      1,
      7,
      2
    ],
    [
      0,
      1,
      4,
      2
    ],
    [
      1,
      5,
      4,
      2
    ],
    [
      4,
      5,
      6,
      2
    ],
    [
      5,
      7,
      6,
      2
    ],
    [
      6,
      7,
      0,
      2
    ],
    [
      7,
      1,
      0,
      2
    ],
    [
      8,
      2,
      10,
      10
    ],
    [
      3,
      9,
      11,
      10
    ],
    [
      8,
      9,
      2,
      10
    ],
    [
      9,
      3,
      2,
      10
    ],
    [
      2,
      3,
      10,
      10
    ],
    [
      3,
      11,
      10,
      10
    ],
    [
      10,
      11,
      8,
      10
    ],
    [
      11,
      9,
      8,
      10
    ],
    [
      4,
      6,
      12,
      10
    ],
    [
      7,
      5,
      13,
      10
    ],
    [
      4,
      5,
      6,
      10
    ],
    [
      5,
      7,
      6,
      10
    ],
    [
      6,
      7,
      12,
      10
    ],
    [
      7,
      13,
      12,
      10
    ],
    [
      12,
      13,
      4,
      10
    ],
    [
      13,
      5,
      4,
      10
    ],
    [
      8,
      10,
      14,
      2
    ],
    [
      11,
      9,
      15,
      2
    ],
    [
      8,
      9,
      10,
      2
    ],
    [
      9,
      11,
      10,
      2
    ],
    [
      10,
      11,
      14,
      2
    ],
    [
      11,
      15,
      14,
      2
    ],
    [
      14,
      15,
      8,
      2
    ],
    [
      15,
      9,
      8,
      2
    ],
    [
      16,
      18,
      20,
      14
    ],
    [
      19,
      17,
      21,
      14
    ],
    [
      16,
      17,
      18,
      14
    ],
    [
      17,
      19,
      18,
      14
    ],
    [
      18,
      19,
      20,
      14
    ],
    [
      19,
      21,
      20,
      14
    ],
    [
      20,
      21,
      16,
      14
    ],
    [
      21,
      17,
      16,
      14
    ]
  ],
  "colors": [
    "#00AA00",
    "#55FF55",
    "#FFAA00"
  ],
  "meta": {
    "id": "11",
    "name": "Adv Transporter",
    "typeName": "Adv Transporter (Typ 11)"
  }
}