{
  "vertices": [
    [
      4.5,
      0.06749999999999999,
      0.25
    ],
    [
      4.5,
      0,
      0.25
    ],
    [
      3.5,
      0.11125000000000002,
      -0.25
    ],
    [
      3.5,
      0,
      -0.25
    ],
    [
      4.0,
      0.08937500000000001,
      -2.25
    ],
    [
      4.0,
      0,
      -2.25
    ],
    [
      2.5,
      0.15499999999999997,
      -1.75
    ],
    [
      2.5,
      0,
      -1.75
    ],
    [
      0.0,
      1.1113268590217984,
      1.75
    ],
    [
      0.0,
      0,
      1.75
    ],
    [
      1.0,
      0.220625,
      -1.25
    ],
    [
      1.0,
      0,
      -1.25
    ],
    [
      -1.0,
      1.0940732620438618,
      4.75
    ],
    [
      -1.0,
      0,
      4.75
    ],
    [
      -2.0,
      0.8624999999999999,
      -2.75
    ],
    [
      -2.0,
      0,
      -2.75
    ],
    [
      -4.5,
      0.6749999999999999,
      0.75
    ],
    [
      -4.5,
      0,
      0.75
    ],
    [
      -4.5,
      0.6749999999999999,
      -4.75
    ],
    [
      -4.5,
      0,
      -4.75
    ],
    [
      -3.0,
      0.7875,
      -1.75
    ],
    [
      -3.0,
      0,
      -1.75
    ]
  ],
  "faces": [
    [
      2,
      4,
      10,
      15
    ],
    [
      5,
      3,
      11,
      15
    ],
    [
      2,
      3,
      4,
      15
    ],
    [
      3,
      5,
      4,
      15
    ],
    [
      4,
      5,
      10,
      15
    ],
    [
      5,
      11,
      10,
      15
    ],
    [
      10,
      11,
      2,
      15
    ],
    [
      11,
      3,
      2,
      15
    ],
    [
      0,
      8,
      10,
      8
    ],
    [
      9,
      1,
      11,
      8
    ],
    [
      0,
      1,
      8,
      8
    ],
    [
      1,
      9,
      8,
      8
    ],
    [
      8,
      9,
      10,
      8
    ],
    [
      9,
      11,
      10,
      8
    ],
    [
      10,
      11,
      0,
      8
    ],
    [
      11,
      1,
      0,
      8
    ],
    [
      12,
      10,
      20,
      15
    ],
    [
      11,
      13,
      21,
      15
    ],
    [
      12,
      13,
      10,
      15
    ],
    [
      13,
      11,
      10,
      15
    ],
    [
      10,
      11,
      20,
      15
    ],
    [
      11,
      21,
      20,
      15
    ],
    [
      20,
      21,
      12,
      15
    ],
    [
      21,
      13,
      12,
      15
    ],
    [
      6,
      14,
      16,
      7
    ],
    [
      15,
      7,
      17,
      7
    ],
    [
      6,
      7,
      14,
      7
    ],
    [
      7,
      15,
      14,
      7
    ],
    [
      14,
      15,
      16,
      7
    ],
    [
      15,
      17,
      16,
      7
    ],
    [
      16,
      17,
      6,
      7
    ],
    [
      17,
      7,
      6,
      7
    ],
    [
      14,
      6,
      18,
      8
    ],
    [
      7,
      15,
      19,
      8
    ],
    [
      14,
      15,
      6,
      8
    ],
    [
      15,
      7,
      6,
      8
    ],
    [
      6,
      7,
      18,
      8
    ],
    [
      7,
      19,
      18,
      8
    ],
    [
      18,
      19,
      14,
      8
    ],
    [
      19,
      15,
      14,
      8
    ]
  ],
  "colors": [
    "#FFFFFF",
    "#555555",
    "#AAAAAA"
  ],
  "meta": {
    "id": "12",
    "name": "Elite Transporter",
    "typeName": "Elite Transporter (Typ 12)"
  }
}