{
  "vertices": [
    [
      4.25,
      0.06749999999999999,
      -1.5
    ],
    [
      4.25,
      0,
      -1.5
    ],
    [
      -0.75,
      1.1261444898451376,
      -2.5
    ],
    [
      -0.75,
      0,
      -2.5
    ],
    [
      -4.25,
      0.6749999999999999,
      -1.0
    ],
    [
      -4.25,
      0,
      -1.0
    ],
    [
      -4.25,
      0.6749999999999999,
      1.0
    ],
    [
      -4.25,
      0,
      1.0
    ],
    [
      -0.75,
      1.1261444898451376,
      2.5
    ],
    [
      -0.75,
      0,
      2.5
    ],
    [
      4.25,
      0.06749999999999999,
      1.5
    ],
    [
      4.25,
      0,
      1.5
    ],
    [
      0.25,
      1.0593978237845705,
      0.0
    ],
    [
      0.25,
      0,
      0.0
    ]
  ],
  "faces": [
    [
      0,
      2,
      12,
      1
    ],
    [
      3,
      1,
      13,
      1
    ],
    [
      0,
      1,
      2,
      1
    ],
    [
      1,
      3,
      2,
      1
    ],
    [
      2,
      3,
      12,
      1
    ],
    [
      3,
      13,
      12,
      1
    ],
    [
      12,
      13,
      0,
      1
    ],
    [
      13,
      1,
      0,
      1
    ],
    [
      2,
      4,
      12,
      3
    ],
    [
      5,
      3,
      13,
      3
    ],
    [
      2,
      3,
      4,
      3
    ],
    [
      3,
      5,
      4,
      3
    ],
    [
      4,
      5,
      12,
      3
    ],
    [
      5,
      13,
      12,
      3
    ],
    [
      12,
      13,
      2,
      3
    ],
    [
      13,
      3,
      2,
      3
    ],
    [
      4,
      6,
      12,
      4
    ],
    [
      7,
      5,
      13,
      4
    ],
    [
      4,
      5,
      6,
      4
    ],
    [
      5,
      7,
      6,
      4
    ],
    [
      6,
      7,
      12,
      4
    ],
    [
      7,
      13,
      12,
      4
    ],
    [
      12,
      13,
      4,
      4
    ],
    [
      13,
      5,
      4,
      4
    ],
    [
      6,
      8,
      12,
      3
    ],
    [
      9,
      7,
      13,
      3
    ],
    [
      6,
      7,
      8,
      3
    ],
    [
      7,
      9,
      8,
      3
    ],
    [
      8,
      9,
      12,
      3
    ],
    [
      9,
      13,
      12,
      3
    ],
    [
      12,
      13,
      6,
      3
    ],
    [
      13,
      7,
      6,
      3
    ],
    [
      8,
      10,
      12,
      1
    ],
    [
      11,
      9,
      13,
      1
    ],
    [
      8,
      9,
      10,
      1
    ],
    [
      9,
      11,
      10,
      1
    ],
    [
      10,
      11,
      12,
      1
    ],
    [
      11,
      13,
      12,
      1
    ],
    [
      12,
      13,
      8,
      1
    ],
    [
      13,
      9,
      8,
      1
    ]
  ],
  "colors": [
    "#0000AA",
    "#00AAAA",
    "#AA0000"
  ],
  "meta": {
    "id": "2",
    "name": "Interceptor",
    "typeName": "Interceptor (Typ 2)"
  }
}