{
  "vertices": [
    [
      4.75,
      0.06749999999999999,
      2.5
    ],
    [
      4.75,
      0,
      2.5
    ],
    [
      4.75,
      0.06749999999999999,
      -2.5
    ],
    [
      4.75,
      0,
      -2.5
    ],
    [
      3.25,
      0.12967105263157896,
      0.0
    ],
    [
      3.25,
      0,
      0.0
    ],
    [
      0.75,
      0.9365438946257214,
      1.5
    ],
    [
      0.75,
      0,
      1.5
    ],
    [
      0.75,
      0.9365438946257214,
      -1.5
    ],
    [
      0.75,
      0,
      -1.5
    ],
    [
      -0.25,
      1.1392380718036192,
      4.0
    ],
    [
      -0.25,
      0,
      4.0
    ],
    [
      -3.25,
      0.7815789473684212,
      3.0
    ],
    [
      -3.25,
      0,
      3.0
    ],
    [
      -4.75,
      0.6749999999999999,
      0.0
    ],
    [
      -4.75,
      0,
      0.0
    ],
    [
      -3.25,
      0.7815789473684212,
      -3.0
    ],
    [
      -3.25,
      0,
      -3.0
    ],
    [
      -0.25,
      1.1392380718036192,
      -4.0
    ],
    [
      -0.25,
      0,
      -4.0
    ]
  ],
  "faces": [
    [
      4,
      6,
      8,
      1
    ],
    [
      7,
      5,
      9,
      1
    ],
    [
      4,
      5,
      6,
      1
    ],
    [
      5,
      7,
      6,
      1
    ],
    [
      6,
      7,
      8,
      1
    ],
    [
      7,
      9,
      8,
      1
    ],
    [
      8,
      9,
      4,
      1
    ],
    [
      9,
      5,
      4,
      1
    ],
    [
      0,
      6,
      10,
      3
    ],
    [
      7,
      1,
      11,
      3
    ],
    [
      0,
      1,
      6,
      3
    ],
    [
      1,
      7,
      6,
      3
    ],
    [
      6,
      7,
      10,
      3
    ],
    [
      7,
      11,
      10,
      3
    ],
    [
      10,
      11,
      0,
      3
    ],
    [
      11,
      1,
      0,
      3
    ],
    [
      2,
      8,
      18,
      3
    ],
    [
      9,
      3,
      19,
      3
    ],
    [
      2,
      3,
      8,
      3
    ],
    [
      3,
      9,
      8,
      3
    ],
    [
      8,
      9,
      18,
      3
    ],
    [
      9,
      19,
      18,
      3
    ],
    [
      18,
      19,
      2,
      3
    ],
    [
      19,
      3,
      2,
      3
    ],
    [
      6,
      10,
      12,
      3
    ],
    [
      11,
      7,
      13,
      3
    ],
    [
      6,
      7,
      10,
      3
    ],
    [
      7,
      11,
      10,
      3
    ],
    [
      10,
      11,
      12,
      3
    ],
    [
      11,
      13,
      12,
      3
    ],
    [
      12,
      13,
      6,
      3
    ],
    [
      13,
      7,
      6,
      3
    ],
    [
      8,
      16,
      18,
      3
    ],
    [
      17,
      9,
      19,
      3
    ],
    [
      8,
      9,
      16,
      3
    ],
    [
      9,
      17,
      16,
      3
    ],
    [
      16,
      17,
      18,
      3
    ],
    [
      17,
      19,
      18,
      3
    ],
    [
      18,
      19,
      8,
      3
    ],
    [
      19,
      9,
      8,
      3
    ],
    [
      6,
      12,
      14,
      4
    ],
    [
      13,
      7,
      15,
      4
    ],
    [
      6,
      7,
      12,
      4
    ],
    [
      7,
      13,
      12,
      4
    ],
    [
      12,
      13,
      14,
      4
    ],
    [
      13,
      15,
      14,
      4
    ],
    [
      14,
      15,
      6,
      4
    ],
    [
      15,
      7,
      6,
      4
    ],
    [
      8,
      14,
      16,
      4
    ],
    [
      15,
      9,
      17,
      4
    ],
    [
      8,
      9,
      14,
      4
    ],
    [
      9,
      15,
      14,
      4
    ],
    [
      14,
      15,
      16,
      4
    ],
    [
      15,
      17,
      16,
      4
    ],
    [
      16,
      17,
      8,
      4
    ],
    [
      17,
      9,
      8,
      4
    ],
    [
      6,
      8,
      14,
      1
    ],
    [
      9,
      7,
      15,
      1
    ],
    [
      6,
      7,
      8,
      1
    ],
    [
      7,
      9,
      8,
      1
    ],
    [
      8,
      9,
      14,
      1
    ],
    [
      9,
      15,
      14,
      1
    ],
    [
      14,
      15,
      6,
      1
    ],
    [
      15,
      7,
      6,
      1
    ]
  ],
  "colors": [
    "#0000AA",
    "#00AAAA",
    "#AA0000"
  ],
  "meta": {
    "id": "3",
    "name": "Bomber",
    "typeName": "Bomber (Typ 3)"
  }
}