{
  "vertices": [
    [
      0.0,
      1.1113268590217984,
      1.0
    ],
    [
      0.0,
      0,
      1.0
    ],
    [
      0.0,
      1.1113268590217984,
      -1.0
    ],
    [
      0.0,
      0,
      -1.0
    ],
    [
      -2.0,
      0.819642857142857,
      1.0
    ],
    [
      -2.0,
      0,
      1.0
    ],
    [
      -2.0,
      0.819642857142857,
      -1.0
    ],
    [
      -2.0,
      0,
      -1.0
    ],
    [
      3.5,
      0.06749999999999999,
      1.0
    ],
    [
      3.5,
      0,
      1.0
    ],
    [
      3.5,
      0.06749999999999999,
      -1.0
    ],
    [
      3.5,
      0,
      -1.0
    ],
    [
      -0.5,
      1.1407305362890925,
      3.0
    ],
    [
      -0.5,
      0,
      3.0
    ],
    [
      -0.5,
      1.1407305362890925,
      -3.0
    ],
    [
      -0.5,
      0,
      -3.0
    ],
    [
      -3.5,
      0.6749999999999999,
      1.0
    ],
    [
      -3.5,
      0,
      1.0
    ],
    [
      -3.5,
      0.6749999999999999,
      -1.0
    ],
    [
      -3.5,
      0,
      -1.0
    ]
  ],
  "faces": [
    [
      0,
      4,
      6,
      14
    ],
    [
      5,
      1,
      7,
      14
    ],
    [
      0,
      1,
      4,
      14
    ],
    [
      1,
      5,
      4,
      14
    ],
    [
      4,
      5,
      6,
      14
    ],
    [
      5,
      7,
      6,
      14
    ],
    [
      6,
      7,
      0,
      14
    ],
    [
      7,
      1,
      0,
      14
    ],
    [
      0,
      2,
      6,
      14
    ],
    [
      3,
      1,
      7,
      14
    ],
    [
      0,
      1,
      2,
      14
    ],
    [
      1,
      3,
      2,
      14
    ],
    [
      2,
      3,
      6,
      14
    ],
    [
      3,
      7,
      6,
      14
    ],
    [
      6,
      7,
      0,
      14
    ],
    [
      7,
      1,
      0,
      14
    ],
    [
      8,
      12,
      16,
      10
    ],
    [
      13,
      9,
      17,
      10
    ],
    [
      8,
      9,
      12,
      10
    ],
    [
      9,
      13,
      12,
      10
    ],
    [
      12,
      13,
      16,
      10
    ],
    [
      13,
      17,
      16,
      10
    ],
    [
      16,
      17,
      8,
      10
    ],
    [
      17,
      9,
      8,
      10
    ],
    [
      10,
      14,
      18,
      10
    ],
    [
      15,
      11,
      19,
      10
    ],
    [
      10,
      11,
      14,
      10
    ],
    [
      11,
      15,
      14,
      10
    ],
    [
      14,
      15,
      18,
      10
    ],
    [
      15,
      19,
      18,
      10
    ],
    [
      18,
      19,
      10,
      10
    ],
    [
      19,
      11,
      10,
      10
    ]
  ],
  "colors": [
    "#FFAA00",
    "#55FF55"
  ],
  "meta": {
    "id": "4",
    "name": "Adv Fighter",
    "typeName": "Adv Fighter (Typ 4)"
  }
}