{
  "vertices": [
    [
      4.0,
      0.06749999999999999,
      1.0
    ],
    [
      4.0,
      0,
      1.0
    ],
    [
      4.0,
      0.06749999999999999,
      -1.0
    ],
    [
      4.0,
      0,
      -1.0
    ],
    [
      0.0,
      1.1113268590217984,
      2.5
    ],
    [
      0.0,
      0,
      2.5
    ],
    [
      0.0,
      1.1113268590217984,
      -2.5
    ],
    [
      0.0,
      0,
      -2.5
    ],
    [
      -3.0,
      0.759375,
      1.0
    ],
    [
      -3.0,
      0,
      1.0
    ],
    [
      -3.0,
      0.759375,
      -1.0
    ],
    [
      -3.0,
      0,
      -1.0
    ],
    [
      -4.0,
      0.6749999999999999,
      4.0
    ],
    [
      -4.0,
      0,
      4.0
    ],
    [
      -4.0,
      0.6749999999999999,
      -4.0
    ],
    [
      -4.0,
      0,
      -4.0
    ],
    [
      -1.5,
      0.9127420718994139,
      1.75
    ],
    [
      -1.5,
      0,
      1.75
    ],
    [
      -1.5,
      0.9127420718994139,
      -1.75
    ],
    [
      -1.5,
      0,
      -1.75
    ]
  ],
  "faces": [
    [
      4,
      0,
      8,
      2
    ],
    [
      1,
      5,
      9,
      2
    ],
    [
      4,
      5,
      0,
      2
    ],
    [
      5,
      1,
      0,
      2
    ],
    [
      0,
      1,
      8,
      2
    ],
    [
      1,
      9,
      8,
      2
    ],
    [
      8,
      9,
      4,
      2
    ],
    [
      9,
      5,
      4,
      2
    ],
    [
      2,
      6,
      10,
      2
    ],
    [
      7,
      3,
      11,
      2
    ],
    [
      2,
      3,
      6,
      2
    ],
    [
      3,
      7,
      6,
      2
    ],
    [
      6,
      7,
      10,
      2
    ],
    [
      7,
      11,
      10,
      2
    ],
    [
      10,
      11,
      2,
      2
    ],
    [
      11,
      3,
      2,
      2
    ],
    [
      4,
      12,
      16,
      14
    ],
    [
      13,
      5,
      17,
      14
    ],
    [
      4,
      5,
      12,
      14
    ],
    [
      5,
      13,
      12,
      14
    ],
    [
      12,
      13,
      16,
      14
    ],
    [
      13,
      17,
      16,
      14
    ],
    [
      16,
      17,
      4,
      14
    ],
    [
      17,
      5,
      4,
      14
    ],
    [
      6,
      14,
      18,
      14
    ],
    [
      15,
      7,
      19,
      14
    ],
    [
      6,
      7,
      14,
      14
    ],
    [
      7,
      15,
      14,
      14
    ],
    [
      14,
      15,
      18,
      14
    ],
    [
      15,
      19,
      18,
      14
    ],
    [
      18,
      19,
      6,
      14
    ],
    [
      19,
      7,
      6,
      14
    ]
  ],
  "colors": [
    "#00AA00",
    "#FFAA00"
  ],
  "meta": {
    "id": "5",
    "name": "Adv Interceptor",
    "typeName": "Adv Interceptor (Typ 5)"
  }
}