{
  "vertices": [
    [
      4.75,
      0.06749999999999999,
      1.0
    ],
    [
      4.75,
      0,
      1.0
    ],
    [
      4.75,
      0.06749999999999999,
      -1.0
    ],
    [
      4.75,
      0,
      -1.0
    ],
    [
      2.25,
      0.1711184210526316,
      4.0
    ],
    [
      2.25,
      0,
      4.0
    ],
    [
      2.25,
      0.1711184210526316,
      -4.0
    ],
    [
      2.25,
      0,
      -4.0
    ],
    [
      1.25,
      0.21256578947368418,
      2.5
    ],
    [
      1.25,
      0,
      2.5
    ],
    [
      1.25,
      0.21256578947368418,
      -2.5
    ],
    [
      1.25,
      0,
      -2.5
    ],
    [
      -0.25,
      1.1392380718036192,
      2.5
    ],
    [
      -0.25,
      0,
      2.5
    ],
    [
      -0.25,
      1.1392380718036192,
      -2.5
    ],
    [
      -0.25,
      0,
      -2.5
    ],
    [
      -3.0,
      0.7993421052631579,
      1.0
    ],
    [
      -3.0,
      0,
      1.0
    ],
    [
      -3.0,
      0.7993421052631579,
      -1.0
    ],
    [
      -3.0,
      0,
      -1.0
    ],
    [
      -3.75,
      0.7460526315789472,
      4.0
    ],
    [
      -3.75,
      0,
      4.0
    ],
    [
      -3.75,
      0.7460526315789472,
      -4.0
    ],
    [
      -3.75,
      0,
      -4.0
    ],
    [
      -4.75,
      0.6749999999999999,
      0.0
    ],
    [
      -4.75,
      0,
      0.0
    ],
    [
      -0.25,
      1.1392380718036192,
      0.0
    ],
    [
      -0.25,
      0,
      0.0
    ]
  ],
  "faces": [
    [
      4,
      0,
      8,
      10
    ],
    [
      1,
      5,
      9,
      10
    ],
    [
      4,
      5,
      0,
      10
    ],
    [
      5,
      1,
      0,
      10
    ],
    [
      0,
      1,
      8,
      10
    ],
    [
      1,
      9,
      8,
      10
    ],
    [
      8,
      9,
      4,
      10
    ],
    [
      9,
      5,
      4,
      10
    ],
    [
      2,
      6,
      10,
      10
    ],
    [
      7,
      3,
      11,
      10
    ],
    [
      2,
      3,
      6,
      10
    ],
    [
      3,
      7,
      6,
      10
    ],
    [
      6,
      7,
      10,
      10
    ],
    [
      7,
      11,
      10,
      10
    ],
    [
      10,
      11,
      2,
      10
    ],
    [
      11,
      3,
      2,
      10
    ],
    [
      4,
      24,
      26,
      2
    ],
    [
      25,
      5,
      27,
      2
    ],
    [
      4,
      5,
      24,
      2
    ],
    [
      5,
      25,
      24,
      2
    ],
    [
      24,
      25,
      26,
      2
    ],
    [
      25,
      27,
      26,
      2
    ],
    [
      26,
      27,
      4,
      2
    ],
    [
      27,
      5,
      4,
      2
    ],
    [
      6,
      24,
      26,
      2
    ],
    [
      25,
      7,
      27,
      2
    ],
    [
      6,
      7,
      24,
      2
    ],
    [
      7,
      25,
      24,
      2
    ],
    [
      24,
      25,
      26,
      2
    ],
    [
      25,
      27,
      26,
      2
    ],
    [
      26,
      27,
      6,
      2
    ],
    [
      27,
      7,
      6,
      2
    ],
    [
      12,
      16,
      20,
      14
    ],
    [
      17,
      13,
      21,
      14
    ],
    [
      12,
      13,
      16,
      14
    ],
    [
      13,
      17,
      16,
      14
    ],
    [
      16,
      17,
      20,
      14
    ],
    [
      17,
      21,
      20,
      14
    ],
    [
      20,
      21,
      12,
      14
    ],
    [
      21,
      13,
      12,
      14
    ],
    [
      14,
      18,
      22,
      14
    ],
    [
      19,
      15,
      23,
      14
    ],
    [
      14,
      15,
      18,
      14
    ],
    [
      15,
      19,
      18,
      14
    ],
    [
      18,
      19,
      22,
      14
    ],
    [
      19,
      23,
      22,
      14
    ],
    [
      22,
      23,
      14,
      14
    ],
    [
      23,
      15,
      14,
      14
    ]
  ],
  "colors": [
    "#55FF55",
    "#00AA00",
    "#FFAA00"
  ],
  "meta": {
    "id": "6",
    "name": "Adv Bomber",
    "typeName": "Adv Bomber (Typ 6)"
  }
}