{
  "vertices": [
    [
      4.5,
      0.06749999999999999,
      0.5
    ],
    [
      4.5,
      0,
      0.5
    ],
    [
      3.0,
      0.13312499999999997,
      -3.0
    ],
    [
      3.0,
      0,
      -3.0
    ],
    [
      -2.0,
      0.8624999999999999,
      1.0
    ],
    [
      -2.0,
      0,
      1.0
    ],
    [
      -1.5,
      0.9698454386979304,
      -1.5
    ],
    [
      -1.5,
      0,
      -1.5
    ],
    [
      -4.5,
      0.6749999999999999,
      3.5
    ],
    [
      -4.5,
      0,
      3.5
    ],
    [
      -3.5,
      0.75,
      -3.5
    ],
    [
      -3.5,
      0,
      -3.5
    ],
    [
      -2.5,
      0.825,
      0.5
    ],
    [
      -2.5,
      0,
      0.5
    ],
    [
      -0.5,
      1.1470432027332425,
      -0.5
    ],
    [
      -0.5,
      0,
      -0.5
    ]
  ],
  "faces": [
    [
      0,
      4,
      14,
      7
    ],
    [
      5,
      1,
      15,
      7
    ],
    [
      0,
      1,
      4,
      7
    ],
    [
      1,
      5,
      4,
      7
    ],
    [
      4,
      5,
      14,
      7
    ],
    [
      5,
      15,
      14,
      7
    ],
    [
      14,
      15,
      0,
      7
    ],
    [
      15,
      1,
      0,
      7
    ],
    [
      14,
      2,
      6,
      8
    ],
    [
      3,
      15,
      7,
      8
    ],
    [
      14,
      15,
      2,
      8
    ],
    [
      15,
      3,
      2,
      8
    ],
    [
      2,
      3,
      6,
      8
    ],
    [
      3,
      7,
      6,
      8
    ],
    [
      6,
      7,
      14,
      8
    ],
    [
      7,
      15,
      14,
      8
    ],
    [
      8,
      6,
      14,
      8
    ],
    [
      7,
      9,
      15,
      8
    ],
    [
      8,
      9,
      6,
      8
    ],
    [
      9,
      7,
      6,
      8
    ],
    [
      6,
      7,
      14,
      8
    ],
    [
      7,
      15,
      14,
      8
    ],
    [
      14,
      15,
      8,
      8
    ],
    [
      15,
      9,
      8,
      8
    ],
    [
      10,
      6,
      12,
      15
    ],
    [
      7,
      11,
      13,
      15
    ],
    [
      10,
      11,
      6,
      15
    ],
    [
      11,
      7,
      6,
      15
    ],
    [
      6,
      7,
      12,
      15
    ],
    [
      7,
      13,
      12,
      15
    ],
    [
      12,
      13,
      10,
      15
    ],
    [
      13,
      11,
      10,
      15
    ]
  ],
  "colors": [
    "#AAAAAA",
    "#555555",
    "#FFFFFF"
  ],
  "meta": {
    "id": "7",
    "name": "Elite Fighter",
    "typeName": "Elite Fighter (Typ 7)"
  }
}