{
  "vertices": [
    [
      4.75,
      0.06749999999999999,
      3.5
    ],
    [
      4.75,
      0,
      3.5
    ],
    [
      2.75,
      0.15039473684210525,
      -3.5
    ],
    [
      2.75,
      0,
      -3.5
    ],
    [
      1.25,
      0.21256578947368418,
      0.0
    ],
    [
      1.25,
      0,
      0.0
    ],
    [
      0.75,
      0.9365438946257214,
      2.0
    ],
    [
      0.75,
      0,
      2.0
    ],
    [
      0.25,
      1.0657701362953789,
      -1.5
    ],
    [
      0.25,
      0,
      -1.5
    ],
    [
      -2.75,
      0.8171052631578948,
      4.5
    ],
    [
      -2.75,
      0,
      4.5
    ],
    [
      -1.75,
      0.9219405393757982,
      0.0
    ],
    [
      -1.75,
      0,
      0.0
    ],
    [
      -2.25,
      0.8526315789473684,
      -2.0
    ],
    [
      -2.25,
      0,
      -2.0
    ],
    [
      -2.75,
      0.8171052631578948,
      -4.5
    ],
    [
      -2.75,
      0,
      -4.5
    ],
    [
      -4.75,
      0.6749999999999999,
      -1.0
    ],
    [
      -4.75,
      0,
      -1.0
    ]
  ],
  "faces": [
    [
      0,
      4,
      6,
      7
    ],
    [
      5,
      1,
      7,
      7
    ],
    [
      0,
      1,
      4,
      7
    ],
    [
      1,
      5,
      4,
      7
    ],
    [
      4,
      5,
      6,
      7
    ],
    [
      5,
      7,
      6,
      7
    ],
    [
      6,
      7,
      0,
      7
    ],
    [
      7,
      1,
      0,
      7
    ],
    [
      2,
      4,
      8,
      8
    ],
    [
      5,
      3,
      9,
      8
    ],
    [
      2,
      3,
      4,
      8
    ],
    [
      3,
      5,
      4,
      8
    ],
    [
      4,
      5,
      8,
      8
    ],
    [
      5,
      9,
      8,
      8
    ],
    [
      8,
      9,
      2,
      8
    ],
    [
      9,
      3,
      2,
      8
    ],
    [
      4,
      6,
      12,
      15
    ],
    [
      7,
      5,
      13,
      15
    ],
    [
      4,
      5,
      6,
      15
    ],
    [
      5,
      7,
      6,
      15
    ],
    [
      6,
      7,
      12,
      15
    ],
    [
      7,
      13,
      12,
      15
    ],
    [
      12,
      13,
      4,
      15
    ],
    [
      13,
      5,
      4,
      15
    ],
    [
      10,
      6,
      12,
      15
    ],
    [
      7,
      11,
      13,
      15
    ],
    [
      10,
      11,
      6,
      15
    ],
    [
      11,
      7,
      6,
      15
    ],
    [
      6,
      7,
      12,
      15
    ],
    [
      7,
      13,
      12,
      15
    ],
    [
      12,
      13,
      10,
      15
    ],
    [
      13,
      11,
      10,
      15
    ],
    [
      4,
      12,
      16,
      7
    ],
    [
      13,
      5,
      17,
      7
    ],
    [
      4,
      5,
      12,
      7
    ],
    [
      5,
      13,
      12,
      7
    ],
    [
      12,
      13,
      16,
      7
    ],
    [
      13,
      17,
      16,
      7
    ],
    [
      16,
      17,
      4,
      7
    ],
    [
      17,
      5,
      4,
      7
    ],
    [
      14,
      18,
      12,
      8
    ],
    [
      19,
      15,
      13,
      8
    ],
    [
      14,
      15,
      18,
      8
    ],
    [
      15,
      19,
      18,
      8
    ],
    [
      18,
      19,
      12,
      8
    ],
    [
      19,
      13,
      12,
      8
    ],
    [
      12,
      13,
      14,
      8
    ],
    [
      13,
      15,
      14,
      8
    ]
  ],
  "colors": [
    "#AAAAAA",
    "#555555",
    "#FFFFFF"
  ],
  "meta": {
    "id": "8",
    "name": "Elite Interceptor",
    "typeName": "Elite Interceptor (Typ 8)"
  }
}