{
  "vertices": [
    [
      4.0,
      0.08937500000000001,
      1.5
    ],
    [
      4.0,
      0,
      1.5
    ],
    [
      4.5,
      0.06749999999999999,
      -2.0
    ],
    [
      4.5,
      0,
      -2.0
    ],
    [
      2.5,
      0.15499999999999997,
      -2.0
    ],
    [
      2.5,
      0,
      -2.0
    ],
    [
      2.0,
      0.17687499999999998,
      0.0
    ],
    [
      2.0,
      0,
      0.0
    ],
    [
      0.0,
      1.1113268590217984,
      -2.0
    ],
    [
      0.0,
      0,
      -2.0
    ],
    [
      -1.0,
      1.0940732620438618,
      2.5
    ],
    [
      -1.0,
      0,
      2.5
    ],
    [
      -2.5,
      0.825,
      4.0
    ],
    [
      -2.5,
      0,
      4.0
    ],
    [
      -2.0,
      0.8624999999999999,
      -4.0
    ],
    [
      -2.0,
      0,
      -4.0
    ],
    [
      -2.5,
      0.825,
      -2.0
    ],
    [
      -2.5,
      0,
      -2.0
    ],
    [
      -4.5,
      0.6749999999999999,
      -2.0
    ],
    [
      -4.5,
      0,
      -2.0
    ],
    [
      -3.5,
      0.75,
      2.5
    ],
    [
      -3.5,
      0,
      2.5
    ],
    [
      -4.5,
      0.6749999999999999,
      2.5
    ],
    [
      -4.5,
      0,
      2.5
    ]
  ],
  "faces": [
    [
      6,
      0,
      12,
      8
    ],
    [
      1,
      7,
      13,
      8
    ],
    [
      6,
      7,
      0,
      8
    ],
    [
      7,
      1,
      0,
      8
    ],
    [
      0,
      1,
      12,
      8
    ],
    [
      1,
      13,
      12,
      8
    ],
    [
      12,
      13,
      6,
      8
    ],
    [
      13,
      7,
      6,
      8
    ],
    [
      0,
      4,
      8,
      7
    ],
    [
      5,
      1,
      9,
      7
    ],
    [
      0,
      1,
      4,
      7
    ],
    [
      1,
      5,
      4,
      7
    ],
    [
      4,
      5,
      8,
      7
    ],
    [
      5,
      9,
      8,
      7
    ],
    [
      8,
      9,
      0,
      7
    ],
    [
      9,
      1,
      0,
      7
    ],
    [
      2,
      14,
      18,
      8
    ],
    [
      15,
      3,
      19,
      8
    ],
    [
      2,
      3,
      14,
      8
    ],
    [
      3,
      15,
      14,
      8
    ],
    [
      14,
      15,
      18,
      8
    ],
    [
      15,
      19,
      18,
      8
    ],
    [
      18,
      19,
      2,
      8
    ],
    [
      19,
      3,
      2,
      8
    ],
    [
      8,
      16,
      20,
      7
    ],
    [
      17,
      9,
      21,
      7
    ],
    [
      8,
      9,
      16,
      7
    ],
    [
      9,
      17,
      16,
      7
    ],
    [
      16,
      17,
      20,
      7
    ],
    [
      17,
      21,
      20,
      7
    ],
    [
      20,
      21,
      8,
      7
    ],
    [
      21,
      9,
      8,
      7
    ],
    [
      12,
      10,
      22,
      15
    ],
    [
      11,
      13,
      23,
      15
    ],
    [
      12,
      13,
      10,
      15
    ],
    [
      13,
      11,
      10,
      15
    ],
    [
      10,
      11,
      22,
      15
    ],
    [
      11,
      23,
      22,
      15
    ],
    [
      22,
      23,
      12,
      15
    ],
    [
      23,
      13,
      12,
      15
    ]
  ],
  "colors": [
    "#555555",
    "#AAAAAA",
    "#FFFFFF"
  ],
  "meta": {
    "id": "9",
    "name": "Elite Bomber",
    "typeName": "Elite Bomber (Typ 9)"
  }
}